name,rest_wavelength,predicted_obs,fitted_center,fitted_center_err,amplitude,amplitude_err,fitted_sigma,fwhm_km_s,ridge_length,cwt_snr,status
[Ne V],3426.0,4201.6,4250.8,1.2,—,—,—,166,—,—,NOT_FOUND
[O II],3727.0,4570.8,4620.3,0.0,—,—,—,153,—,—,NOT_FOUND
Ca K_abs,3934.8,4825.6,4874.7,5.9,—,—,—,209,—,—,NOT_FOUND
Ca H_abs,3969.6,4868.3,4918.3,0.0,—,—,—,286,—,—,NOT_FOUND
Hε,3970.1,4868.9,4818.9,2.2,—,—,—,6814,—,—,MARGINAL
Hδ,4102.9,5031.8,5081.8,2.1,—,—,—,139,—,—,NOT_FOUND
G-band_abs,4305.6,5280.4,5316.8,0.8,—,—,—,133,—,—,NOT_FOUND
Hγ,4341.7,5324.7,5274.7,0.0,—,—,—,26767,—,—,NOT_FOUND
Hβ,4862.7,5963.6,5928.1,9.4,—,—,—,119,—,—,NOT_FOUND
[O III]a,4960.3,6083.3,6118.9,2.5,—,—,—,5454,—,—,MARGINAL
[O III]b,5008.2,6142.1,6122.0,2.4,—,—,—,5378,—,—,MARGINAL
Mg I_abs,5176.7,6348.7,6298.7,29.9,—,—,—,13439,—,—,MARGINAL
Na D_abs,5895.6,7230.4,7242.0,0.3,—,—,—,98,—,—,MARGINAL
[N II]a,6549.8,8032.7,8082.7,1.9,—,—,—,87,—,—,NOT_FOUND
Hα,6564.6,8050.8,8091.4,1.2,—,—,—,87,—,—,NOT_FOUND
[N II]b,6585.3,8076.2,8091.4,1.2,—,—,—,87,—,—,NOT_FOUND
[S II]a,6718.3,8239.3,8248.0,24.7,—,—,—,1164,—,—,NOT_FOUND
[S II]b,6732.7,8257.0,8307.0,21.2,—,—,—,3111,—,—,NOT_FOUND
