index,FromWhichType,FromWhichCatastrophe,targetid,spec1fits,z1,RedrockType1,zwarn1,dchi2_1,spec2fits,z2,RedrockType2,zwarn2,dchi2_2,abs_dz
1,QSO,Lya_failure,39628250216924756,"(7712,20240114,6)",0.226403,GALAXY,0,253.7,"(9263,20240403,2)",2.952156,QSO,0,2610.1,2.725753
2,LRG,absorp_conf,39627882015753428,"(9486,20230112,8)",0.199783,GALAXY,0,39.3,"(11056,20221019,6)",2.846358,QSO,0,189.2,2.646576
3,LRG,absorp_artifact,39628405146130221,"(4709,20221219,2)",0.000178,STAR,4,7.7,"(7083,20211106,4)",1.502908,QSO,0,95.2,1.50273
4,ELG,sky_1p315,39627887959081518,"(6405,20211008,6)",0.078604,GALAXY,4,6.1,"(11063,20221125,3)",1.150251,GALAXY,4,2.4,1.071648
5,LRG,absorp_OII,39628522938962552,"(1239,20210606,5)",0.001043,GALAXY,4,3.6,"(4383,20230418,3)",1.022642,GALAXY,4,0.3,1.021599
6,QSO,Lya_failure,39628255925371105,"(7712,20240114,6)",1.639479,GALAXY,0,9.9,"(9263,20240403,2)",0.63192,GALAXY,0,9.6,1.007558
7,LRG,bad_spec,39627935723815803,"(5172,20221114,5)",0.402703,GALAXY,4,4.7,"(9852,20211010,8)",1.407071,GALAXY,4,0.7,1.004368
8,LRG,absorp_OII,39628517800936691,"(1239,20210606,5)",1.26652,GALAXY,4,4.5,"(4383,20230418,3)",0.341811,GALAXY,4,4.9,0.924709
9,LRG,bad_spec,39627935723816587,"(5172,20221114,5)",0.415045,GALAXY,4,1.6,"(9852,20211010,8)",1.309056,GALAXY,4,7.7,0.894011
10,ELG,sky_1p50,39628158890150291,"(4339,20230415,3)",0.899675,GALAXY,4,4.7,"(9022,20230609,7)",0.021476,GALAXY,4,2.8,0.878199
11,ELG,sky_1p315,39627893986296791,"(6405,20211008,6)",0.135356,GALAXY,2052,1.9,"(11063,20221125,3)",1.00379,GALAXY,4,1.3,0.868434
12,ELG,sky_1p315,39636678020698816,"(6405,20211008,6)",1.320561,GALAXY,4,7.9,"(11063,20221125,3)",0.523668,GALAXY,4,0.9,0.796894
13,QSO,Lya_CIV,39627811752772184,"(10819,20220326,0)",2.473558,QSO,0,37.5,"(3042,20220131,6)",1.724657,QSO,0,16.7,0.748901
14,LRG,absorp_conf,39627888038779169,"(9486,20230112,8)",1.240598,GALAXY,0,49.8,"(11056,20221019,6)",0.558455,GALAXY,0,15.4,0.682143
15,LRG,absorp_artifact,39628410565169422,"(4709,20221219,2)",0.973008,GALAXY,4,3.9,"(7083,20211106,4)",1.624907,GALAXY,4,4.5,0.651899
16,ELG,sky_1p315,39627881923478083,"(6405,20211008,6)",0.153058,GALAXY,4,0.4,"(11063,20221125,3)",0.799512,GALAXY,4,3.3,0.646454
17,LRG,absorp_artifact,39628399722894708,"(4709,20221219,2)",1.522561,GALAXY,0,15.6,"(7083,20211106,4)",0.878254,GALAXY,4,0.7,0.644307
18,QSO,wrong_type,39627963469136053,"(2799,20230401,8)",0.815448,GALAXY,4,5.8,"(4239,20220526,5)",0.196329,GALAXY,4,1.4,0.619118
19,ELG,OII_conf,39627857093203076,"(2234,20211010,0)",1.454066,GALAXY,0,41.7,"(5391,20221210,6)",0.871467,GALAXY,0,145.0,0.582599
20,LRG,absorp_artifact,39628405150321131,"(4709,20221219,2)",0.955734,GALAXY,0,259.5,"(7083,20211106,4)",0.400868,QSO,0,898.1,0.554867
21,ELG,OII_conf,39627851049210356,"(2234,20211010,0)",1.424701,GALAXY,4,1.2,"(5391,20221210,6)",0.884097,GALAXY,4,7.2,0.540604
22,ELG,random,39628140401659831,"(1468,20240402,1)",0.976706,GALAXY,0,12.9,"(6142,20240108,4)",1.465643,GALAXY,4,3.2,0.488937
23,ELG,random,39628140401658540,"(1468,20240402,1)",1.027317,GALAXY,0,113.7,"(6142,20240108,4)",0.560972,GALAXY,0,118.0,0.466346
24,ELG,sky_1p50,39628158890150015,"(4339,20230415,3)",1.104772,GALAXY,0,34.0,"(9022,20230609,7)",1.518932,GALAXY,0,20.8,0.41416
25,LRG,bad_spec,39627941730058663,"(5172,20221114,5)",0.602709,GALAXY,0,88.7,"(9852,20211010,8)",0.936846,GALAXY,0,40.7,0.334137
26,LRG,bad_spec,39627941734254166,"(5172,20221114,5)",0.766233,GALAXY,4,7.1,"(9852,20211010,8)",0.438051,GALAXY,4,0.1,0.328182
27,LRG,absorp_OII,39628528060203294,"(1239,20210606,5)",0.392669,GALAXY,4,1.9,"(4383,20230418,3)",0.670616,GALAXY,4,4.6,0.277947
28,BGS,absorp_Ha,39627772850605026,"(21718,20210930,9)",0.253225,GALAXY,0,33.8,"(23296,20210928,8)",0.000848,GALAXY,514,1.942668892225729e+84,0.252377
29,ELG,sky_1p315,39627893986298915,"(6405,20211008,6)",0.685304,GALAXY,4,2.6,"(11063,20221125,3)",0.457177,GALAXY,4,0.1,0.228127
30,LRG,absorp_OII,39632931215376715,"(1239,20210606,5)",0.898912,GALAXY,0,61.1,"(4383,20230418,3)",1.117876,GALAXY,0,195.5,0.218964
31,LRG,absorp_artifact,39628405150319801,"(4709,20221219,2)",0.707512,GALAXY,0,229.7,"(7083,20211106,4)",0.83698,QSO,0,142.7,0.129468
32,LRG,absorp_artifact,39628405150319493,"(4709,20221219,2)",1.623653,GALAXY,0,18.8,"(7083,20211106,4)",1.503927,QSO,0,176.5,0.119725
33,LRG,absorp_artifact,39628405154516323,"(4709,20221219,2)",0.366591,GALAXY,4,2.7,"(7083,20211106,4)",0.250488,GALAXY,4,5.4,0.116103
34,BGS,Ha_conf,39628362318086378,"(20454,20240318,8)",0.240179,GALAXY,0,139.9,"(23632,20230406,9)",0.316966,GALAXY,0,51.1,0.076787
35,ELG,sky_1p315,39627893986299414,"(6405,20211008,6)",1.388998,GALAXY,0,197.0,"(11063,20221125,3)",1.314998,GALAXY,0,509.9,0.073999
36,LRG,absorp_conf,39627882007364987,"(9486,20230112,8)",2.77797,QSO,0,96.4,"(11056,20221019,6)",2.824091,QSO,0,15.8,0.046121
37,ELG,sky_1p315,39627893990496974,"(6405,20211008,6)",2.137207,QSO,0,57.6,"(11063,20221125,3)",2.111745,QSO,4,1.0,0.025462
38,BGS,absorp_Ha,39627778890406694,"(21718,20210930,9)",0.347078,GALAXY,0,114.5,"(23296,20210928,8)",0.371871,GALAXY,0,180.5,0.024793
39,QSO,Lya_CIV,39627799673178275,"(10819,20220326,0)",2.190123,QSO,0,47.3,"(3042,20220131,6)",2.170564,QSO,0,12.2,0.019559
40,LRG,bad_spec,39627923694556085,"(5172,20221114,5)",3.102014,QSO,0,46.6,"(9852,20211010,8)",3.085456,QSO,4,0.7,0.016558
41,LRG,bad_spec,39627941730062449,"(5172,20221114,5)",1.452701,QSO,0,558.9,"(9852,20211010,8)",1.464873,QSO,0,158.2,0.012172
